{"cameraMode":{"drawMode":0,"name":"Shaded","section":"Shading Mode"},"sceneLighting":true,"audioPlay":false,"sceneViewState":{"m_AlwaysRefresh":false,"showFog":true,"showSkybox":true,"showFlares":true,"showImageEffects":true,"showParticleSystems":true,"showVisualEffectGraphs":true,"m_FxEnabled":true},"in2DMode":false,"pivot":{"x":4.152711391448975,"y":-23.629634857177736,"z":-16.707401275634767},"rotation":{"x":-0.006601862609386444,"y":0.9213172197341919,"z":-0.3887709379196167,"w":-0.015143373049795628},"size":56.89948654174805,"orthographic":false}