{"cameraMode":{"drawMode":0,"name":"Shaded","section":"Shading Mode"},"sceneLighting":false,"audioPlay":false,"sceneViewState":{"m_AlwaysRefresh":false,"showFog":true,"showSkybox":false,"showFlares":true,"showImageEffects":true,"showParticleSystems":true,"showVisualEffectGraphs":true,"m_FxEnabled":true},"in2DMode":false,"pivot":{"x":0.13527768850326539,"y":0.1703662872314453,"z":0.7669737339019775},"rotation":{"x":0.47441956400871279,"y":0.12464780360460282,"z":-0.0680648609995842,"w":0.868811845779419},"size":2.058828830718994,"orthographic":false}