{"cameraMode":{"drawMode":0,"name":"Shaded","section":"Shading Mode"},"sceneLighting":false,"audioPlay":false,"sceneViewState":{"m_AlwaysRefresh":false,"showFog":true,"showSkybox":false,"showFlares":true,"showImageEffects":true,"showParticleSystems":true,"showVisualEffectGraphs":true,"m_FxEnabled":true},"in2DMode":false,"pivot":{"x":0.12055701017379761,"y":0.060450971126556399,"z":0.46622347831726076},"rotation":{"x":-0.2887304723262787,"y":-0.6300381422042847,"z":0.27258795499801638,"w":-0.667438805103302},"size":4.7565717697143559,"orthographic":false}